app,730,Counter-Strike 2
app,1623730,Palworld
app,578080,PUBG: BATTLEGROUNDS
app,881020,Granblue Fantasy: Relink
app,1203620,Enshrouded
app,1086940,Baldur's Gate 3
app,1172470,Apex Legends™
app,1938090,Call of Duty®
app,2161700,Persona 3 Reload
app,1778820,TEKKEN 8
app,553850,HELLDIVERS™ 2
app,1966720,Lethal Company
app,1144200,Ready or Not
app,230410,Warframe
app,1203220,NARAKA: BLADEPOINT
app,271590,Grand Theft Auto V
app,1426210,It Takes Two
app,236390,War Thunder
app,990080,Hogwarts Legacy
app,381210,Dead by Daylight
app,1222670,The Sims™ 4
app,1687950,Persona 5 Royal
app,359550,Tom Clancy's Rainbow Six® Siege
app,1158310,Crusader Kings III
app,2072450,Like a Dragon: Infinite Wealth
app,570,Dota 2
app,1091500,Cyberpunk 2077
app,2344520,Diablo® IV
app,2195250,EA SPORTS FC™ 24
app,1245620,ELDEN RING
app,252490,Rust
app,1593500,God of War
app,582660,Black Desert
app,899770,Last Epoch
app,1085660,Destiny 2
app,1462040,FINAL FANTASY VII REMAKE INTERGRADE
app,315210,Suicide Squad: Kill the Justice League
app,552990,World of Warships
app,1238810,Battlefield™ V
app,2514130,HELLDIVERS™ 2 - Upgrade to Super Citizen Edition
app,306130,The Elder Scrolls® Online
app,1774580,STAR WARS Jedi: Survivor™
app,1517290,Battlefield™ 2042
app,2073850,THE FINALS
app,2138330,Cyberpunk 2077: Phantom Liberty
app,311210,Call of Duty®: Black Ops III
app,1260320,Party Animals
app,2252570,Football Manager 2024
app,227300,Euro Truck Simulator 2
app,1551360,Forza Horizon 5
app,880940,Pummel Party
app,2144740,Ghostrunner 2
app,438100,VRChat
app,391220,Rise of the Tomb Raider™
app,1184370,Pathfinder: Wrath of the Righteous - Enhanced Edition
app,2004210,Euro Truck Simulator 2 - West Balkans
app,766570,Russian Fishing 4
app,2058190,Lost Judgment
app,1229490,ULTRAKILL
app,2155180,Pioneers of Pagonia
app,1794680,Vampire Survivors
app,1366540,Dyson Sphere Program
app,692890,Roboquest
app,1336490,Against the Storm
app,251570,7 Days to Die
app,673750,Super Bunny Man
app,1293830,Forza Horizon 4
app,1971650,OCTOPATH TRAVELER II
app,1210320,Potion Craft: Alchemist Simulator
app,1289670,EA Play
app,1332010,Stray
app,1607890,Risk of Rain 2: Survivors of the Void
app,2487480,New World: Rise of the Angry Earth
app,2221490,Tom Clancy’s The Division® 2
app,635260,CarX Drift Racing Online
app,588650,Dead Cells
app,927380,Yakuza Kiwami 2
app,367520,Hollow Knight
app,431730,Aseprite
app,223750,DCS World Steam Edition
app,397540,Borderlands 3
app,435150,Divinity: Original Sin 2 - Definitive Edition
app,1325200,Nioh 2 – The Complete Edition
app,286160,Tabletop Simulator
app,594570,Total War: WARHAMMER II
app,1190000,Car Mechanic Simulator 2021
app,42700,Call of Duty®: Black Ops
app,1826140,RimWorld - Biotech
app,1149460,ICARUS
app,2378500,Baldur's Gate 3 - Digital Deluxe Edition DLC
app,753640,Outer Wilds
app,374320,DARK SOULS™ III
app,534380,Dying Light 2 Stay Human
app,386180,Crossout
app,1367080,MOBILE SUIT GUNDAM BATTLE OPERATION 2
app,261570,Ori and the Blind Forest
app,1237950,STAR WARS™ Battlefront™ II
app,1343400,RuneScape ®
app,1451940,NEEDY STREAMER OVERLOAD
app,2420110,Horizon Forbidden West™ Complete Edition
app,275850,No Man's Sky
app,1937780,Total War: PHARAOH
app,476600,Call of Duty®: WWII
app,761890,Albion Online
app,1062090,Timberborn
app,1971870,Mortal Kombat 1
app,1761390,Hatsune Miku: Project DIVA Mega Mix+
app,1696780,Steam Deck Docking Station
app,24010,Train Simulator Classic
app,1959430,Age of Empires IV:  The Sultans Ascend
app,870780,Control Ultimate Edition
app,1244460,Jurassic World Evolution 2
app,2231380,Tom Clancy's Ghost Recon® Breakpoint
app,208650,Batman™: Arkham Knight
app,1388590,Yakuza 6: The Song of Life
app,1922560,Plants vs. Zombies™ Garden Warfare 2: Deluxe Edition
app,2357570,Overwatch® 2
app,1940340,Darkest Dungeon® II
app,2334730,Death Must Die
app,262060,Darkest Dungeon®
app,1527950,Wartales
app,1167630,Teardown
app,690790,DiRT Rally 2.0
app,1238860,Battlefield 4™
app,834530,Yakuza Kiwami
app,524220,NieR:Automata™
app,2198510,New Cycle
app,1746860,The Elder Scrolls V: Skyrim Anniversary Upgrade
app,1599600,PlateUp!
app,1426300,The Binding of Isaac: Repentance
app,1158160,Coral Island
app,2593750,Muse Dash - Muse Plus
app,1604030,V Rising
app,1217060,Gunfire Reborn
app,1238820,Battlefield 3™
app,1948980,Hero's Adventure: Road to Passion
app,22380,Fallout: New Vegas
app,1681430,RoboCop: Rogue City
app,1629520,A Little to the Left
app,1989270,Slay the Princess
app,2311920,Crusader Kings III: Tours &amp; Tournaments
app,2076010,UNDER NIGHT IN-BIRTH II Sys:Celes
app,2208920,Assassin's Creed Valhalla
app,2287520,Five Nights at Freddy's: Help Wanted 2
app,1290000,PowerWash Simulator
app,1548850,Six Days in Fallujah
app,1382330,Persona® 5 Strikers
app,814000,ONE PIECE ODYSSEY
app,667970,VTOL VR
app,1222140,Detroit: Become Human
app,516750,My Summer Car
app,322170,Geometry Dash
app,218620,PAYDAY 2
app,529340,Victoria 3
app,1533390,Gorilla Tag
app,872410,ROMANCE OF THE THREE KINGDOMS XIV
app,2395210,Tony Hawk's™ Pro Skater™ 1 + 2
app,1105510,Yakuza 5 Remastered
app,570940,DARK SOULS™: REMASTERED
app,945360,Among Us
app,1206560,WorldBox - God Simulator
app,646570,Slay the Spire
app,1817490,Poppy Playtime - Chapter 2
app,1337520,Risk of Rain Returns
app,9900,Star Trek Online
app,1235721,The Sims™ 4 Cats &amp; Dogs
app,1227890,Summer Memories
app,1358700,STRANGER OF PARADISE FINAL FANTASY ORIGIN
app,812140,Assassin's Creed® Odyssey
app,1877020,Jujutsu Kaisen Cursed Clash
app,1092790,Inscryption
app,535930,Two Point Hospital
app,1805480,Like a Dragon: Ishin!
app,244850,Space Engineers
app,2109300,Resident Evil 4 - Separate Ways
app,1088710,Yakuza 3 Remastered
app,323190,Frostpunk
app,1876890,Wandering Sword
app,1475810,Ghostwire: Tokyo
app,782330,DOOM Eternal
app,865360,We Were Here Together
app,954850,Kerbal Space Program 2
app,477160,Human Fall Flat
app,1044720,Farthest Frontier
app,848450,Subnautica: Below Zero
app,1196590,Resident Evil Village
app,2625050,Call of Duty®: Modern Warfare® III - Moto Freak Pro Pack
app,1676840,For The King II
app,1969870,Battle Teams 2
app,1105500,Yakuza 4 Remastered
app,1029690,Sniper Elite 5
app,1435790,Escape Simulator
app,694280,Zombie Army 4: Dead War
app,371970,Barony
app,359870,FINAL FANTASY X/X-2 HD Remaster
app,436150,Governor of Poker 3
app,815370,Green Hell
app,2254740,Persona 5 Tactica
app,219990,Grim Dawn
app,2290180,Riders Republic
app,1274570,DEVOUR
app,1288320,Way of the Hunter
app,1957780,Ghosts of Tabor
app,2203070,Dragonheir: Silent Gods
app,1448440,Wo Long: Fallen Dynasty
app,1001270,Kebab Chefs! - Restaurant Simulator
app,1817230,Hi-Fi RUSH
app,1874170,Shredders
app,2058180,Judgment
app,552500,Warhammer: Vermintide 2
app,1649240,Returnal™
app,292730,Call of Duty®: Infinite Warfare
app,239140,Dying Light
app,2183930,Expansion - Hearts of Iron IV: Arms Against Tyranny
app,1637320,Dome Keeper
app,2369390,Far Cry® 6
app,1501750,Lords of the Fallen
app,1066890,Automobilista 2
app,1244090,Sea of Stars
app,1490890,Demon Slayer -Kimetsu no Yaiba- The Hinokami Chronicles
app,1458150,The Sims™ 4 Cottage Living Expansion Pack
app,2131680,METAL GEAR &amp; METAL GEAR 2: Solid Snake
app,1904392,The Sims™ 4 Growing Together Expansion Pack
app,2138710,Sifu
app,444090,Paladins®
app,1874880,Arma Reforger
app,620,Portal 2
app,632470,Disco Elysium - The Final Cut
app,2378900,The Coffin of Andy and Leyley
app,361420,ASTRONEER
app,1677280,Company of Heroes 3
app,495420,State of Decay 2: Juggernaut Edition
app,1201540,HELLCARD
app,595520,FINAL FANTASY XII THE ZODIAC AGE
app,1030840,Mafia: Definitive Edition
app,1451190,Undisputed
app,1696440,The Matchless Kungfu
app,613100,HELLDIVERS™ 2 Super Citizen Edition
app,611670,House Flipper
app,1929610,The Elder Scrolls V: Skyrim VR
app,1173820,Demonologist
app,352720,FINAL FANTASY VI
app,380600,The Universim
app,12210,Fishing Planet
app,1686940,Grand Theft Auto IV: The Complete Edition
app,1270580,Bopl Battle
app,629730,Mind Over Magic
app,1990600,The Sims™ 4 Horse Ranch Expansion Pack
app,2700600,Assetto Corsa Competizione - GT2 Pack
app,977880,Eastward
app,412020,Metro Exodus
app,655500,MX Bikes
app,1119730,"Ranch Simulator - Build, Farm, Hunt"
app,1151640,Horizon Zero Dawn™ Complete Edition
app,901583,Grand Theft Auto IV: Complete Edition
app,1272080,PAYDAY 3
app,1657630,Slime Rancher 2
app,2661250,Dead by Daylight - Alan Wake Chapter
app,457140,Oxygen Not Included
app,2201710,Three Kingdoms Zhao Yun
app,2653790,The Exit 8
app,581320,Insurgency: Sandstorm
app,1262580,Need for Speed™ Payback
app,214950,Total War: ROME II - Emperor Edition
app,364360,Total War: WARHAMMER
app,1089090,ONE PIECE: PIRATE WARRIORS 4
app,418370,Resident Evil 7 Biohazard
app,379430,Kingdom Come: Deliverance
app,49520,Borderlands 2
app,233860,Kenshi
app,1931770,Chants of Sennaar
app,1235733,The Sims™ 4 Seasons
app,401920,The Binding of Isaac: Afterbirth
app,2140020,Stronghold: Definitive Edition
app,1669980,Volcano Princess
app,1121560,Atelier Ryza: Ever Darkness &amp; the Secret Hideout
app,1235734,The Sims™ 4 Get To Work
app,2447590,Call to Arms - Gates of Hell: Liberation
app,1432860,Sun Haven
app,1816550,The Sims™ 4 High School Years Expansion Pack
app,1178490,港詭實錄ParanormalHK
app,392160,X4: Foundations
app,920210,LEGO® Star Wars™: The Skywalker Saga
app,431240,Golf With Your Friends
app,1547000,Grand Theft Auto: San Andreas – The Definitive Edition
app,1840080,Homeworld 3
app,1273400,Construction Simulator
app,1258080,Shop Titans
app,883710,Resident Evil 2
app,1583230,High On Life
app,47890,The Sims™ 3
app,597180,Old World
app,1262560,Need for Speed™ Most Wanted
app,1473350,(the) Gnorp Apologue
app,975370,Crusader Kings III: Chapter III
app,2052410,Dwarf Fortress
app,383120,Empyrion - Galactic Survival
app,2230110,Fae Farm
app,933110,Palworld - Game + Soundtrack Bundle
app,1987080,Age of Empires III: Definitive Edition
app,2612950,Inside the Backrooms
app,391540,Warm Snow - The End Of Karma
app,1225570,The Yakuza Collection
app,799960,Touhou Danmaku Kagura Phantasia Lost - Digital Deluxe Edition
app,3590,Undertale
app,1262350,Unravel Two
app,376210,Wizard101
app,2114740,Plants vs. Zombies GOTY Edition
app,570660,SIGNALIS
app,1509960,The Isle
app,1235731,Blasphemous 2
app,1562700,The Binding of Isaac: Afterbirth+
app,16900,PICO PARK
app,305620,The Sims™ 4 City Living
app,2231450,SANABI
app,573090,Grand Theft Auto V: Premium Edition & Great White Shark Card Bundle
app,936790,GROUND BRANCH
app,552520,Far Cry® 5
app,1164940,Trepang2
app,1159690,Voidtrain
app,602960,Barotrauma
app,1611600,WARNO
app,1621690,Core Keeper
app,1262540,Need for Speed™
app,1147560,Skul: The Hero Slayer
app,1357210,Galactic Civilizations IV
app,1335200,Action Taimanin
app,1942280,Brotato
app,1476970,IdleOn - The Idle MMO
app,1458140,Pacific Drive
app,1392840,RimWorld - Ideology
app,2298430,American Truck Simulator - Kansas
app,10090,Call of Duty: World at War
app,466560,Northgard
app,872670,SCP: 5K
app,2511500,Dominions 6 - Rise of the Pantokrator
app,2019810,Boxes: Lost Fragments
app,1173810,FINAL FANTASY V
app,997010,Police Simulator: Patrol Officers
app,508440,Totally Accurate Battle Simulator
app,2088570,Tiny Rogues
app,1594320,Captain of Industry
app,386940,Ultimate Chicken Horse
app,2692400,"Wartales, Pirates of Belerion"
app,702320,March of Empires
app,252530,OMSI 2: Steam Edition
app,1677740,Stumble Guys
app,349040,NARUTO SHIPPUDEN: Ultimate Ninja STORM 4
app,952060,Resident Evil 3
app,851850,DRAGON BALL Z: KAKAROT
app,1150690,OMORI
app,986130,Shadows of Doubt
app,881100,Noita
app,410340,Liftoff®: FPV Drone Racing
app,1366800,Crosshair X
app,1262240,Plants vs. Zombies: Battle for Neighborville™
app,787480,Phoenix Wright: Ace Attorney Trilogy
app,900883,The Elder Scrolls IV: Oblivion® Game of the Year Edition Deluxe
app,2059190,Total War: WARHAMMER III - Forge of the Chaos Dwarfs
app,835960,The Talos Principle 2
app,831560,WARRIORS OROCHI 4
app,1328660,Need for Speed™ Hot Pursuit Remastered
app,1209460,Euro Truck Simulator 2 - Iberia
app,784080,MechWarrior 5: Mercenaries
app,460930,Tom Clancy's Ghost Recon® Wildlands
app,612880,Wolfenstein II: The New Colossus
app,953490,CARRION
app,1088850,Marvel's Guardians of the Galaxy
app,492720,Tropico 6
app,1222690,Dragon Age™ Inquisition
app,611790,House Party
app,2790940,Touhou Danmaku Kagura Phantasia Lost - Extra Song Pack 1
app,1999770,Atelier Ryza 3: Alchemist of the End &amp; the Secret Key
app,582160,Assassin's Creed® Origins
app,1017180,The Long Drive
app,268500,XCOM® 2
app,493340,Planet Coaster
app,266840,Age of Mythology: Extended Edition
app,312520,Rain World
app,1135690,Unpacking
app,860510,Little Nightmares II
app,2285150,The Front
app,2681820,DJMAX RESPECT V - V EXTENSION V PACK
app,505460,Foxhole
app,1662210,Arms Trade Tycoon: Tanks
app,1607680,Bread &amp; Fred
app,1797880,Lost Light
app,489630,"Warhammer 40,000: Gladius - Relics of War"
app,1341290,We Were Here Forever
app,1062520,Dinkum
app,10180,Call of Duty®: Modern Warfare® 2 (2009)
app,678950,DRAGON BALL FighterZ
app,1540210,Arizona Sunshine® 2
app,1672970,Minecraft Dungeons
app,1331550,Big Ambitions
app,2690330,Vampire Survivors: Emergency Meeting
app,1173800,FINAL FANTASY IV
app,502500,ACE COMBAT™ 7: SKIES UNKNOWN
app,1830970,The Last Flame
app,1243830,Overcooked! All You Can Eat
app,200210,Realm of the Mad God Exalt
app,1703340,The Stanley Parable: Ultra Deluxe
app,747660,Five Nights at Freddy's: Security Breach
app,2718190,Substance 3D Painter 2024
app,22330,The Elder Scrolls IV: Oblivion® Game of the Year Edition
app,2790950,Touhou Danmaku Kagura Phantasia Lost - Extra Song Pack 2
app,1013320,Firestone: Online Idle RPG
app,1549250,UNDECEMBER
app,1543030,Sword and Fairy 7
app,704270,Generation Zero®
app,368260,Marvel's Midnight Suns
app,2598510,Darkest Dungeon® II: The Binding Blade
app,731490,Crash Bandicoot™ N. Sane Trilogy
app,1928420,Farlight 84
app,307690,Sleeping Dogs: Definitive Edition
app,1173790,FINAL FANTASY III
app,278080,DYNASTY WARRIORS 8: Xtreme Legends Complete Edition
app,1367550,Kingdom Rush Vengeance - Tower Defense
app,2790960,Touhou Danmaku Kagura Phantasia Lost - Extra Song Pack 3
app,17390,SPORE™
app,837470,Untitled Goose Game
app,1041320,Lords Mobile
app,1211020,Wobbly Life
app,1307550,Craftopia
app,115300,Call of Duty®: Modern Warfare® 3 (2011)
app,977950,A Dance of Fire and Ice
app,1084160,Jagged Alliance 3
app,233450,Prison Architect
app,2486740,Sledders
app,2349140,KONOSUBA - God's Blessing on this Wonderful World! Love For These Clothes Of Desire!
app,2790970,Touhou Danmaku Kagura Phantasia Lost - Extra Song Pack 4
app,1252330,DEATHLOOP
app,641990,The Escapists 2
app,1066780,Transport Fever 2
app,32470,STAR WARS™ Empire at War - Gold Pack
app,2478970,Tomb Raider I-III Remastered Starring Lara Croft
app,675010,MudRunner
app,2009100,Immortals of Aveum™
app,1235730,The Sims™ 4 Island Living
app,414340,Hellblade: Senua's Sacrifice
app,1150440,Aliens: Dark Descent
app,201270,Total War: SHOGUN 2
app,1061910,Metal: Hellsinger
app,1818450,STALCRAFT
app,1702010,Sengoku Dynasty
app,1105420,Game of Thrones Winter is Coming
app,1592190,BONELAB
app,2632050,Disney Dreamlight Valley: A Rift in Time
app,1151700,DayZ Livonia
app,1324130,Stranded: Alien Dawn
app,1169040,Necesse
app,482400,System Shock
app,1545560,Shadow Gambit: The Cursed Crew
app,1118200,People Playground
app,203160,Tomb Raider
app,1588530,Dungeon Alchemist
app,2687230,"Warhammer 40,000: Rogue Trader - Season Pass"
app,1097840,Gears 5
app,1205520,Pentiment
app,447040,Watch_Dogs® 2
app,638990,UNDYING
app,1113560,NieR Replicant™ ver.1.22474487139...
app,382310,Eco
app,1413480,Shin Megami Tensei III Nocturne HD Remaster
app,1239020,TOGETHER BnB
app,1235720,The Sims™ 4 Get Famous
app,740130,Tales of Arise
app,2140610,The Sims™ 4 For Rent Expansion Pack
app,509980,BIGFOOT
app,1880360,Monster Hunter Rise: Sunbreak
app,692850,Bloodstained: Ritual of the Night
app,1353230,Bomb Rush Cyberfunk
app,383870,Firewatch
app,1465750,American Truck Simulator - Texas
app,22370,Fallout 3: Game of the Year Edition
app,629520,Soundpad
app,1766060,HumanitZ
app,1919590,NBA 2K23
app,736220,Squad 44
app,1455840,Dorfromantik
app,2238900,STAR OCEAN THE SECOND STORY R
app,1735700,Back to the Dawn
app,1139900,Ghostrunner
app,1468810,鬼谷八荒 Tale of Immortal
app,1222730,STAR WARS™: Squadrons
app,285900,Gang Beasts
app,500,Left 4 Dead
app,459820,Crush Crush
app,1118012,Monster Hunter World: Iceborne Deluxe Kit
app,230290,Universe Sandbox
app,273110,Counter-Strike Nexon: Studio
app,359320,Elite Dangerous
app,633230,NARUTO TO BORUTO: SHINOBI STRIKER
app,1578650,Citizen Sleeper
app,2101430,Dead Cells: Return to Castlevania
app,1268750,Starship Troopers: Extermination
app,939400,LoveChoice
app,1809700,Persona 3 Portable
app,32440,LEGO® Star Wars™ - The Complete Saga
app,2325830,Total War: WARHAMMER III - Shadows of Change
app,1054490,Wingspan
app,553420,TUNIC
app,393080,Call of Duty®: Modern Warfare® Remastered (2017)
app,1020790,NARUTO X BORUTO Ultimate Ninja STORM CONNECTIONS
app,1336980,NOBUNAGA'S AMBITION: Awakening
app,480490,Prey
app,1237320,Sonic Frontiers
app,367500,Dragon's Dogma: Dark Arisen
app,1801110,BOKURA
app,644930,They Are Billions
app,599140,Graveyard Keeper
app,1063420,Void Crew
app,1937500,Let's School
app,976310,Mortal Kombat 11
app,1159290,The Bloodline
app,774361,Blasphemous
app,209000,Batman™: Arkham Origins
app,1810820,Etrian Odyssey III HD
app,1544020,The Callisto Protocol™
app,1648532,Icarus: New Frontiers Expansion
app,1321440,Cassette Beasts
app,1817070,Marvel’s Spider-Man Remastered
app,489830,The Elder Scrolls V: Skyrim Special Edition
app,1675200,Steam Deck
app,431960,Wallpaper Engine
app,1721470,Poppy Playtime
app,1174180,Red Dead Redemption 2
app,1962663,Call of Duty®: Warzone™
app,264710,Subnautica
app,582010,Monster Hunter: World
app,1326470,Sons Of The Forest
app,686810,Hell Let Loose
app,1238840,Battlefield™ 1
app,440,Team Fortress 2
app,1235140,Yakuza: Like a Dragon
app,632360,Risk of Rain 2
app,2140330,Madden NFL 24
app,2190220,Touhou Danmaku Kagura Phantasia Lost
app,1659040,HITMAN 3
app,1888930,The Last of Us™ Part I
app,394360,Hearts of Iron IV
app,2349820,Hero's Land
app,413150,Stardew Valley
app,2555190,Poppy Playtime - Chapter 3
app,594650,Hunt: Showdown
app,1222680,Need for Speed™ Heat
app,2441700,UNDERDOGS
app,768200,Smalland: Survive the Wilds
app,232090,Killing Floor 2
app,627690,Idle Champions of the Forgotten Realms
app,2005010,"Warhammer 40,000: Boltgun"
app,1643310,Dungeons 4
app,223850,3DMark
app,2014780,X-Plane 12
app,1235732,Ori: The Collection
app,1049410,The Sims™ 4 Get Together
app,1747760,Superliminal
app,559650,Momodora: Moonlit Farewell
app,2675740,Witch It
app,298110,Planet Zoo: Eurasia Animal Pack
app,314650,Far Cry® 4
app,1468720,SpaceEngine
app,1150530,Ultimate Epic Battle Simulator 2
app,356190,Wizard with a Gun
app,1238000,Middle-earth™: Shadow of War™
app,1056760,Mass Effect™: Andromeda Deluxe Edition
app,555160,Euro Truck Simulator 2 - Road to the Black Sea
app,1520470,Pavlov VR
app,307960,Soul Dossier
app,1096900,IL-2 Sturmovik: Battle of Stalingrad
app,394510,HELLDIVERS™ Dive Harder Edition
app,204360,Total War: THREE KINGDOMS COLLECTION
app,1333350,Castle Crashers®
app,1332720,Angel Legion
app,1761620,Thief Simulator 2
app,1144400,Headbangers: Rhythm Royale
app,470220,Senren＊Banka
app,325610,UNO
app,1477590,Total War: ATTILA
app,1139980,EZ2ON REBOOT : R
app,1385380,Travellers Rest
app,2531290,Across the Obelisk
app,1071870,VTOL VR: EF-24 Mischief - Electronic Warfare
app,1173770,Biped
app,1473480,FINAL FANTASY
app,293760,A.V.A Global
app,1265920,Automation - The Car Company Tycoon Game
app,363150,Life is Strange Remastered
app,701160,Romance of the Three Kingdoms XIII
app,2014380,Kingdom Two Crowns
app,8930,LIVE A LIVE
app,460920,Sid Meier's Civilization® V
app,219740,Steep™
app,2514960,Don't Starve
app,1497440,COCOON
app,212500,The Lord of the Rings Online™
app,377840,FINAL FANTASY IX
app,2303350,Sticky Business
app,2060280,Lost Judgment - The Kaito Files Story Expansion
app,1977170,Jusant
app,1257290,Atelier Ryza 2: Lost Legends &amp; the Secret Fairy
app,568220,Lobotomy Corporation | Monster Management Simulation
app,400,Portal
app,947510,Sid Meier's Civilization® VI: Gathering Storm
app,719040,Wasteland 3
app,4500,S.T.A.L.K.E.R.: Shadow of Chernobyl
app,209160,Call of Duty®: Ghosts
app,504230,Celeste
app,2646130,Cult of the Lamb: Sinful Pack
app,365360,Battle Brothers
app,1457320,Techtonica
app,2171630,Return from Core
app,1182900,A Plague Tale: Requiem
app,1782120,ZERO Sievert
app,427730,Who's Your Daddy?!
app,1390150,Summer Memories+ - Expansion DLC
app,2102730,Dead by Daylight - Resident Evil: PROJECT W Chapter
app,2179850,Cobalt Core
app,2477660,Age of Empires III: Definitive Edition (Base Game)
app,955900,Amazing Cultivation Simulator
app,1938010,WILD HEARTS™
app,1494810,Mortal Sin
app,1705180,"Gunner, HEAT, PC!"
app,453480,Shadowverse CCG
app,231430,Company of Heroes 2
app,2318310,Class of '09: The Re-Up
app,1189490,觅长生
app,1611910,"Warhammer 40,000: Chaos Gate - Daemonhunters"
app,527430,"Warhammer 40,000: Inquisitor - Martyr"
app,39140,FINAL FANTASY VII
app,925580,Euro Truck Simulator 2 - Beyond the Baltic Sea
app,1116540,DAVIGO: VR vs. PC
app,304050,Trove
app,2230650,TEVI
app,1677770,The Case of the Golden Idol
app,1641700,Moving Out 2
app,304212,Euro Truck Simulator 2 - Scandinavia
app,1012880,60 Seconds! Reatomized
app,1708010,The Expanse: A Telltale Series
app,22320,The Elder Scrolls III: Morrowind® Game of the Year Edition
app,1202130,Starship Troopers: Terran Command
app,774801,Crab Champions
app,2765930,Empyrion - Galactic Survival: Dark Faction
app,1588010,PGA TOUR 2K23
app,531130,Euro Truck Simulator 2 - Vive la France !
app,895400,Deadside
app,201810,Wolfenstein: The New Order
app,2059170,Quasimorph
app,220200,Kerbal Space Program
app,2440510,Forza Motorsport
app,1436700,Trine 5: A Clockwork Conspiracy
app,731040,The Invincible
app,1124300,HUMANKIND™
app,585420,Trailmakers
app,2431700,Vampire: The Masquerade - Justice
app,1599660,Sackboy™: A Big Adventure
app,1343370,Old School RuneScape
app,2209650,American Truck Simulator - Oklahoma
app,1149620,Gas Station Simulator
app,1677350,FINAL FANTASY I-VI Bundle
app,2515990,EA SPORTS™ PGA TOUR™
app,2380030,Dead by Daylight - Alien Chapter Pack
app,2071280,Stellaris: Galactic Paragons
app,8870,Ravenswatch
app,919640,BioShock Infinite
app,2172860,Tomb Raider Definitive Survivor Trilogy
app,784150,Steel Division 2
app,2420880,WitchHand
app,1868180,Etrian Odyssey HD
app,1816300,HARVESTELLA
app,1958220,WitchSpring R
app,1701520,Afterimage
app,434170,The Jackbox Party Pack 3
app,8500,EVE Online
app,921570,OCTOPATH TRAVELER™
app,1338770,Sniper Ghost Warrior Contracts 2
app,327030,Worms W.M.D
app,2212330,Your Only Move Is HUSTLE
app,433340,Slime Rancher
app,558244,Euro Truck Simulator 2 - Italia
app,1307710,GRID Legends
app,2141580,Age of Empires II: Definitive Edition - Return of Rome
app,238320,Outlast
app,109600,Neverwinter
app,1605220,Dune: Spice Wars
app,1433140,The Texas Chain Saw Massacre
app,488790,South Park™: The Fractured But Whole™
app,1284190,The Planet Crafter
app,885970,Total War: ROME REMASTERED
app,1171690,Wayfinder
app,389730,TEKKEN 7
app,2502910,Immersion Pack - Europa Universalis IV: King of Kings
app,1135230,Ember Knights
app,1649080,Two Point Campus
app,1131620,Dominion
app,2244130,Ratopia
app,732690,FIVE NIGHTS AT FREDDY'S: HELP WANTED
app,1368572,The Sims™ 4 Snowy Escape Expansion Pack
app,2248760,Car For Sale Simulator 2023
app,379720,DOOM
app,794260,Outward Definitive Edition
app,1549970,Aliens: Fireteam Elite
app,2534090,Stellaris: Astral Planes
app,823500,BONEWORKS
app,2357910,Home Safety Hotline
app,1622100,Outer Wilds - Echoes of the Eye
app,2674290,kings call
app,1173780,FINAL FANTASY II
app,1382070,Viewfinder
app,289650,Assassin's Creed® Unity
app,607080,Psychonauts 2
app,2097230,Turnip Boy Robs a Bank
app,1235743,The Sims™ 4 Vampires
app,1361510,Teenage Mutant Ninja Turtles: Shredder's Revenge
app,674940,Stick Fight: The Game
app,2493660,Call of Duty®: Modern Warfare® II - Cosmic Traveler: Pro Pack
app,2276930,Chillquarium
app,335300,DARK SOULS™ II: Scholar of the First Sin
app,228380,Wreckfest
app,282070,This War of Mine
app,1879330,WARRIORS OROCHI 3 Ultimate Definitive Edition
app,824270,KovaaK's
app,1348661,Expansion - Hearts of Iron IV: No Step Back
app,1097430,Book of Yog Idle RPG
app,1262600,Need for Speed™ Rivals
app,1689500,Dune: Imperium
app,365960,rFactor 2
app,527230,For The King
app,427100,Fernbus Simulator
app,1178830,Bright Memory: Infinite
app,1658150,Moonstone Island
app,512900,Streets of Rogue
app,1239080,Door Kickers 2: Task Force North
app,2221920,Immortals Fenyx Rising
app,2088340,Bratz™: Flaunt your fashion
app,1553000,War Hospital
app,1267910,Melvor Idle
app,2748300,Warframe: Gauss Prime Access - Prime Pack
app,714010,Aimlabs
app,2305370,Eastward - Octopia
app,1496790,Gotham Knights
app,1584090,Touhou Mystia's Izakaya
app,1211630,The Jackbox Party Pack 7
app,605740,"Flashing Lights - Police, Firefighting, Emergency Services (EMS) Simulator"
app,1537830,Disney Speedstorm
app,2676840,No Case Should Remain Unsolved
app,799600,Cosmoteer: Starship Architect &amp; Commander
app,569480,Kingdoms and Castles
app,1235745,The Sims™ 4 Parenthood
app,1238060,Dead Space™ 3
app,972660,Spiritfarer®: Farewell Edition
app,1286580,Ship of Fools
app,1782570,Beer Factory
app,1302240,Labyrinthine
app,653530,Return of the Obra Dinn
app,2682660,"Warhammer 40,000: Rogue Trader - Deluxe Pack"
app,1259790,Cyberpunk 2077: Ultimate Edition
app,965580,Puyo Puyo™ Tetris® 2
app,410900,Root
app,1557740,Forts
app,1948280,ROUNDS
app,2239550,Stacklands
app,2216830,Watch Dogs®: Legion
app,460790,The Jackbox Party Pack 10
app,1556790,Bayonetta
app,493490,Isonzo
app,1498570,THE KING OF FIGHTERS XV
app,1026680,FINAL FANTASY VIII - REMASTERED
app,1522820,Orcs Must Die! 3
app,2066020,Soulstone Survivors
app,313120,Stranded Deep
app,450540,"Hot Dogs, Horseshoes &amp; Hand Grenades"
app,1272320,Diplomacy is Not an Option
app,1483870,Draw &amp; Guess
app,742420,Saints Row
app,780290,Gloomhaven
app,424030,War of Rights
app,362890,Black Mesa
app,2561440,DREDGE - The Pale Reach
app,617290,Remnant: From the Ashes
app,645402,Sid Meier’s Civilization® VI: Rise and Fall
app,1634040,Dead by Daylight - Resident Evil Chapter
app,1714040,Super Auto Pets
app,787860,Farming Simulator 19
app,1063660,Bendy and the Dark Revival
app,47810,Dragon Age: Origins - Ultimate Edition
app,1443200,Class of '09
app,460950,Katana ZERO
app,1868170,Etrian Odyssey II HD
app,1731070,Asterigos: Curse of the Stars
app,248390,Craft The World
app,2108330,F1® 23
app,1693980,Dead Space
app,739630,Phasmophobia
app,1151340,Fallout 76
app,1407200,World of Tanks
app,2731840,Call of Duty®: Modern Warfare® III - BlackCell (Season 2)
app,108600,Project Zomboid
app,728880,Overcooked! 2
app,1172620,Sea of Thieves 2023 Edition
app,1364780,Street Fighter™ 6
app,1240440,Halo Infinite
app,294100,RimWorld
app,2399830,ARK: Survival Ascended
app,1063730,New World
app,284160,BeamNG.drive
app,976730,Halo: The Master Chief Collection
app,244210,Assetto Corsa
app,1659420,UNCHARTED™: Legacy of Thieves Collection
app,1250410,Microsoft Flight Simulator 40th Anniversary Edition
app,1057090,Ori and the Will of the Wisps
app,270880,American Truck Simulator
app,1817190,Marvel’s Spider-Man: Miles Morales
app,444200,World of Tanks Blitz
app,1973710,ヘブンバーンズレッド
app,949230,Cities: Skylines II
app,1889490,Stellaris: Overlord
app,1454400,Cookie Clicker
app,1798010,Mega Man Battle Network Legacy Collection Vol. 1
app,246620,Plague Inc: Evolved
app,459220,Halo Wars: Definitive Edition
app,2296990,We Were Here Expeditions: The FriendShip
app,389430,Knight Online
app,638510,dotAGE
app,1065310,Evil West
app,1256670,Assetto Corsa Ultimate Edition
app,209650,Library Of Ruina
app,19680,Call of Duty®: Advanced Warfare - Gold Edition
app,666140,Alice: Madness Returns
app,218230,My Time at Portia
app,601050,PlanetSide 2
app,552100,Attack on Titan 2 - A.O.T.2
app,1029780,Brick Rigs
app,2287220,Going Medieval
app,471710,F1® Manager 2023
app,1815780,Rec Room
app,1674170,Asphalt 9: Legends
app,1069660,Sprocket
app,2194530,Ultimate Admiral: Dreadnoughts
app,1850570,DEATH STRANDING DIRECTOR'S CUT
app,668580,Atomic Heart
app,1973530,Limbus Company
app,779340,Total War: THREE KINGDOMS
app,1248130,Farming Simulator 22
app,2322560,Love Is All Around
app,648800,Raft
app,2000950,Call of Duty®: Modern Warfare®
app,2050650,Resident Evil 4
app,1943950,Escape the Backrooms
app,1259420,Days Gone
app,2273430,BlazBlue Entropy Effect
app,281990,Stellaris
app,250900,The Binding of Isaac: Rebirth
app,1868140,DAVE THE DIVER
app,1985810,Call of Duty®: Black Ops Cold War
app,2239150,Thronefall
app,1361210,"Warhammer 40,000: Darktide"
app,377160,Fallout 4
app,1469610,Last Train Home
app,1902690,Fate/Samurai Remnant
app,1466860,Age of Empires IV: Anniversary Edition
app,518790,theHunter: Call of the Wild™
app,221100,DayZ
app,1286830,STAR WARS™: The Old Republic™
app,2375550,Like a Dragon Gaiden: The Man Who Erased His Name
app,105600,Terraria
app,289070,Sid Meier’s Civilization® VI
app,962130,Grounded
app,1118010,Monster Hunter World: Iceborne
app,1904540,Football Manager 2023
app,513710,SCUM
app,1190970,House Flipper 2
app,1846380,Need for Speed™ Unbound
app,1997040,MARVEL SNAP
app,202970,Call of Duty®: Black Ops II
app,960170,DJMAX RESPECT V
app,814380,Sekiro™: Shadows Die Twice - GOTY Edition
app,2186680,"Warhammer 40,000: Rogue Trader"
app,892970,Valheim
app,699130,World War Z
app,1142710,Total War: WARHAMMER III
app,2157560,Granblue Fantasy Versus: Rising
app,1328670,Mass Effect™ Legendary Edition
app,1172380,STAR WARS Jedi: Fallen Order™
app,393380,Squad
app,386360,SMITE®
app,1465360,SnowRunner
app,1627720,Lies of P
app,493520,GTFO
app,322330,Don't Starve Together
app,346110,ARK: Survival Evolved
app,2771110,Palworld - Soundtrack
app,1446780,MONSTER HUNTER RISE
app,703080,Planet Zoo
app,266410,iRacing
app,236850,Europa Universalis IV
app,767560,War Robots
app,1049590,Eternal Return
app,1295510,DRAGON QUEST® XI S: Echoes of an Elusive Age™ - Definitive Edition
app,291550,Brawlhalla
app,637650,FINAL FANTASY XV WINDOWS EDITION
app,1888160,ARMORED CORE™ VI FIRES OF RUBICON™
app,1237970,Titanfall® 2
app,1895880,Ratchet &amp; Clank: Rift Apart
app,813780,Age of Empires II: Definitive Edition
app,1282100,REMNANT II®
app,427520,Factorio
app,440900,Conan Exiles
app,2187220,Apollo Justice: Ace Attorney Trilogy
app,916440,Anno 1800
app,1942660,WWE 2K23
app,638970,Yakuza 0
app,774171,Muse Dash
app,2362300,Train Sim World® 4
app,2495450,Winter Memories
app,1746030,Murders on the Yangtze River
app,805550,Assetto Corsa Competizione
app,985810,GrandChase
app,1129580,Medieval Dynasty
app,4000,Garry's Mod
app,960090,Bloons TD 6
app,292030,The Witcher® 3: Wild Hunt
app,550,Left 4 Dead 2
app,1222700,A Way Out
app,2426960,Summoners War
app,1304930,The Outlast Trials
app,1296830,暖雪 Warm Snow
app,1608070,CRISIS CORE –FINAL FANTASY VII– REUNION
app,526870,Satisfactory
app,2668080,Snowbreak: Containment Zone
app,2054970,Dragon's Dogma 2
app,255710,Cities: Skylines
app,548430,Deep Rock Galactic
app,242760,The Forest
app,1985820,Call of Duty®: Vanguard
app,1384160,GUILTY GEAR -STRIVE-
app,1401590,Disney Dreamlight Valley
app,1084600,My Time at Sandrock
app,835570,Conqueror's Blade
app,2338770,NBA 2K24
app,304390,FOR HONOR™
app,1716740,Starfield
app,671860,BattleBit Remastered
app,1562430,DREDGE
app,107410,Arma 3
app,756800,Contraband Police
app,620980,Beat Saber
app,546560,Half-Life: Alyx
app,400750,Call to Arms - Gates of Hell: Ostfront
app,958260,DEAD OR ALIVE Xtreme Venus Vacation
app,2340650,古龙风云录
app,1056640,Phantasy Star Online 2 New Genesis
app,1113000,Persona 4 Golden
app,1669000,Age of Wonders 4
app,268910,Cuphead
app,1145360,Hades
app,1286680,Tiny Tina's Wonderlands
app,2167580,Summoners War: Chronicles
app,2080690,Sunkenland
app,1849250,EA SPORTS™ WRC
app,750920,Shadow of the Tomb Raider: Definitive Edition
app,1824220,Chivalry 2
app,2686650,Call of Duty®: Modern Warfare® III - Tech Luxe Pro Pack
